"118","","1.0","#000000","","ENSG00000175029","#ffffff","eddde","20.0",,"ArialMT","10.0","CTBP2","","","","-2.9071255","false","Rectangle","CTBP2","false","GeneProduct","60.0","Ensembl","ENSG00000175029"
"119","","1.0","#000000","","ENSG00000159692","#ffffff","afcb1","20.0",,"ArialMT","10.0","CTBP1","","","","-1.8795326","false","Rectangle","CTBP1","false","GeneProduct","60.0","Ensembl","ENSG00000159692"
"120","","1.0","#000000","","ENSG00000164736","#ffffff","b16bc","20.0",,"ArialMT","10.0","SOX17","","","","3.4377527","false","Rectangle","SOX17","false","GeneProduct","60.0","Ensembl","ENSG00000164736"
"121","","1.0","#000000","","ENSG00000178585","#ffffff","b1287","20.0",,"ArialMT","10.0","CTNNBIP1","","","","0.36457026","false","Rectangle","CTNNBIP1","false","GeneProduct","60.0","Ensembl","ENSG00000178585"
"122","","1.0","#000000","","ENSG00000087095","#ffffff","f8c52","20.0",,"ArialMT","10.0","NLK","","","","3.7861385","false","Rectangle","NLK","false","GeneProduct","60.0","Ensembl","ENSG00000087095"
"123","","1.0","#000000","","ENSG00000163904","#ffffff","a1f65","20.0",,"ArialMT","10.0","SENP2","","","","0.8076759","false","Rectangle","SENP2","false","GeneProduct","60.0","Ensembl","ENSG00000163904"
"124","","1.0","#000000","","ENSG00000168772","#ffffff","c408f","20.0",,"ArialMT","10.0","CXXC4","","","",,"false","Rectangle","CXXC4","false","GeneProduct","60.0","Ensembl","ENSG00000168772"
"126","","1.0","#000000","","ENSG00000107643","#ffffff","b1c89","20.0",,"ArialMT","10.0","MAPK8","","","","2.0522292","false","Rectangle","MAPK8","false","GeneProduct","60.0","Ensembl","ENSG00000107643"
"127","","1.0","#000000","","ENSG00000134318","#ffffff","cd785","20.0",,"ArialMT","10.0","ROCK2","","","","-0.65676945","false","Rectangle","ROCK2","false","GeneProduct","60.0","Ensembl","ENSG00000134318"
"128","","1.0","#000000","","ENSG00000146122","#ffffff","b409e","20.0",,"ArialMT","10.0","DAAM2","","","","-2.0477214","false","Rectangle","DAAM2","false","GeneProduct","60.0","Ensembl","ENSG00000146122"
"129","","1.0","#000000","","ENSG00000100592","#ffffff","c75aa","20.0",,"ArialMT","10.0","DAAM1","","","","-0.09276118","false","Rectangle","DAAM1","false","GeneProduct","60.0","Ensembl","ENSG00000100592"
"130","","1.0","#000000","","ENSG00000145506","#ffffff","d4db4","20.0",,"ArialMT","10.0","NKD2","","","",,"false","Rectangle","NKD2","false","GeneProduct","59.62560134118045","Ensembl","ENSG00000145506"
"131","","1.0","#000000","","ENSG00000140807","#ffffff","f0c62","20.0",,"ArialMT","10.0","NKD1","","","",,"false","Rectangle","NKD1","false","GeneProduct","59.62560134118045","Ensembl","ENSG00000140807"
"132","","1.0","#000000","","ENSG00000163637","#ffffff","ca1e5","20.0",,"ArialMT","10.0","PRICKLE2","","","","2.1844854","false","Rectangle","PRICKLE2","false","GeneProduct","59.62560134118045","Ensembl","ENSG00000163637"
"133","","1.0","#000000","","ENSG00000139174","#ffffff","f8b76","19.99999999999999",,"ArialMT","10.0","PRICKLE1","","","","-2.6964827","false","Rectangle","PRICKLE1","false","GeneProduct","59.62560134118051","Ensembl","ENSG00000139174"
"134","","1.0","#000000","","ENSG00000119509","#ffffff","a76f4","19.99999999999999",,"ArialMT","10.0","INVS","","","","0.59206414","false","Rectangle","INVS","false","GeneProduct","48.247101959117956","Ensembl","ENSG00000119509"
"135","","1.0","#000000","","ENSG00000107404","#ffffff","b04d5","20.0",,"ArialMT","10.0","DVL1","","","","1.4376469","false","Rectangle","DVL1","false","GeneProduct","60.0","Entrez Gene","1855"
"136","","1.0","#000000","","ENSG00000004975","#ffffff","ccfff","20.0",,"ArialMT","10.0","DVL2","","","","2.0489933","false","Rectangle","DVL2","false","GeneProduct","60.0","Entrez Gene","1856"
"137","","1.0","#000000","","ENSG00000161202","#ffffff","f5da7","20.0",,"ArialMT","10.0","DVL3","","","","0.5208819","false","Rectangle","DVL3","false","GeneProduct","60.0","Entrez Gene","1857"
"138","","1.0","#000000","","ENSG00000085741","#ffffff","a6ec7","20.0",,"ArialMT","10.0","WNT11","","","",,"false","Rectangle","WNT11","false","GeneProduct","60.0","Entrez Gene","7481"
"139","","1.0","#000000","","ENSG00000162738","#ffffff","c0a9d","19.99999999999999",,"ArialMT","10.0","VANGL2","","","",,"false","Rectangle","VANGL2","false","GeneProduct","48.247101959117956","Ensembl","ENSG00000162738"
"140","","1.0","#000000","","ENSG00000173218","#ffffff","e92e4","19.99999999999999",,"ArialMT","10.0","VANGL1","","","","-0.28933868","false","Rectangle","VANGL1","false","GeneProduct","48.247101959117956","Ensembl","ENSG00000173218"
"141","","1.0","#000000","","ENSG00000076716","#ffffff","be802","19.99999999999999",,"ArialMT","10.0","GPC4","","","",,"false","Rectangle","GPC4","false","GeneProduct","48.247101959117956","Ensembl","ENSG00000076716"
"142","","1.0","#000000","","ENSG00000180340","#ffffff","b23d7","19.99999999999999",,"ArialMT","10.0","FZD2","","","","3.3943448","false","Rectangle","FZD2","false","GeneProduct","48.247101959117956","Entrez Gene","2535"
"143","","1.0","#000000","","ENSG00000188763","#ffffff","c44fc","19.99999999999999",,"ArialMT","10.0","FZD9","","","",,"false","Rectangle","FZD9","false","GeneProduct","48.247101959117956","Entrez Gene","8326"
"144","","1.0","#000000","","ENSG00000163251","#ffffff","fc201","19.99999999999999",,"ArialMT","10.0","FZD5","","","","2.9455595","false","Rectangle","FZD5","false","GeneProduct","48.247101959117956","Entrez Gene","7855"
"145","","1.0","#000000","","ENSG00000164930","#ffffff","a03a6","19.99999999999999",,"ArialMT","10.0","FZD6","","","","-0.42408675","false","Rectangle","FZD6","false","GeneProduct","48.247101959117956","Entrez Gene","8323"
"146","","1.0","#000000","","ENSG00000157240","#ffffff","cc8c9","19.99999999999999",,"ArialMT","10.0","FZD1","","","","-0.17520119","false","Rectangle","FZD1","false","GeneProduct","48.247101959117956","Entrez Gene","8321"
"147","","1.0","#000000","","ENSG00000106483","#ffffff","f1fee","19.99999999999999",,"ArialMT","10.0","FZD4","","","","3.5824487","false","Rectangle","FZD4","false","GeneProduct","48.24710195911797","Entrez Gene","6424"
"148","","1.0","#000000","","ENSG00000155760","#ffffff","f0d74","19.99999999999999",,"ArialMT","10.0","FZD7","","","",,"false","Rectangle","FZD7","false","GeneProduct","48.247101959117956","Entrez Gene","8324"
"149","","1.0","#000000","","ENSG00000111432","#ffffff","a3a02","19.99999999999999",,"ArialMT","10.0","FZD10","","","",,"false","Rectangle","FZD10","false","GeneProduct","48.247101959117956","Entrez Gene","11211"
"150","","1.0","#000000","","ENSG00000177283","#ffffff","a7082","19.99999999999999",,"ArialMT","10.0","FZD8","","","","-4.0079074","false","Rectangle","FZD8","false","GeneProduct","48.247101959117956","Entrez Gene","8325"
"151","","1.0","#000000","","ENSG00000104290","#ffffff","e1e18","19.99999999999999",,"ArialMT","10.0","FZD3","","","","3.4805555","false","Rectangle","FZD3","false","GeneProduct","48.247101959117956","Entrez Gene","7976"
"152","","1.0","#000000","","ENSG00000100968","#ffffff","ca83c","20.0",,"ArialMT","10.0","NFATC4","","","","-0.07479676","false","Rectangle","NFATC4","false","GeneProduct","60.0","Ensembl","ENSG00000100968"
"153","","1.0","#000000","","ENSG00000072736","#ffffff","ac1fd","20.0",,"ArialMT","10.0","NFATC3","","","","1.949","false","Rectangle","NFATC3","false","GeneProduct","60.0","Ensembl","ENSG00000072736"
"154","","1.0","#000000","","ENSG00000101096","#ffffff","c5f70","20.0",,"ArialMT","10.0","NFATC2","","","","1.7276558","false","Rectangle","NFATC2","false","GeneProduct","60.0","Ensembl","ENSG00000101096"
"155","","1.0","#000000","","ENSG00000131196","#ffffff","a6ad1","20.0",,"ArialMT","10.0","NFATC1","","","","0.025092885","false","Rectangle","NFATC1","false","GeneProduct","60.0","Ensembl","ENSG00000131196"
"156","","1.0","#000000","","ENSG00000100968","#ffffff","da31c","20.0",,"ArialMT","10.0","NFATC4","","","","-0.07479676","false","Rectangle","NFATC4","false","GeneProduct","65.33333333333356","Ensembl","ENSG00000100968"
"157","","1.0","#000000","","ENSG00000072736","#ffffff","f0975","20.0",,"ArialMT","10.0","NFATC3","","","","1.949","false","Rectangle","NFATC3","false","GeneProduct","65.33333333333356","Ensembl","ENSG00000072736"
"158","","1.0","#000000","","ENSG00000101096","#ffffff","a3990","20.0",,"ArialMT","10.0","NFATC2","","","","1.7276558","false","Rectangle","NFATC2","false","GeneProduct","65.33333333333356","Ensembl","ENSG00000101096"
"159","","1.0","#000000","","ENSG00000131196","#ffffff","b826b","20.0",,"ArialMT","10.0","NFATC1","","","","0.025092885","false","Rectangle","NFATC1","false","GeneProduct","65.33333333333356","Ensembl","ENSG00000131196"
"160","","1.0","#000000","","ENSG00000101333","#ffffff","f33f8","20.0",,"ArialMT","10.0","PLCB4","","","","0.7696181","false","Rectangle","PLCB4","false","GeneProduct","60.0","Ensembl","ENSG00000101333"
"161","","1.0","#000000","","ENSG00000149782","#ffffff","c7d98","20.0",,"ArialMT","10.0","PLCB3","","","","-0.08711683","false","Rectangle","PLCB3","false","GeneProduct","60.0","Ensembl","ENSG00000149782"
"162","","1.0","#000000","","ENSG00000137841","#ffffff","ad6a5","20.0",,"ArialMT","10.0","PLCB2","","","","-1.137712","false","Rectangle","PLCB2","false","GeneProduct","60.0","Ensembl","ENSG00000137841"
"163","","1.0","#000000","","ENSG00000182621","#ffffff","e0975","20.0",,"ArialMT","10.0","PLCB1","","","","3.1069574","false","Rectangle","PLCB1","false","GeneProduct","60.0","Ensembl","ENSG00000182621"
"164","","1.0","#000000","","ENSG00000180340","#ffffff","da6bb","19.99999999999999",,"ArialMT","10.0","FZD2","","","","3.3943448","false","Rectangle","FZD2","false","GeneProduct","48.247101959117956","Entrez Gene","2535"
"165","","1.0","#000000","","ENSG00000188763","#ffffff","e71f1","19.99999999999999",,"ArialMT","10.0","FZD9","","","",,"false","Rectangle","FZD9","false","GeneProduct","48.247101959117956","Entrez Gene","8326"
"166","","1.0","#000000","","ENSG00000163251","#ffffff","f84b6","19.99999999999999",,"ArialMT","10.0","FZD5","","","","2.9455595","false","Rectangle","FZD5","false","GeneProduct","48.247101959117956","Entrez Gene","7855"
"167","","1.0","#000000","","ENSG00000164930","#ffffff","a4d89","19.99999999999999",,"ArialMT","10.0","FZD6","","","","-0.42408675","false","Rectangle","FZD6","false","GeneProduct","48.247101959117956","Entrez Gene","8323"
"168","","1.0","#000000","","ENSG00000157240","#ffffff","f8e5b","19.99999999999999",,"ArialMT","10.0","FZD1","","","","-0.17520119","false","Rectangle","FZD1","false","GeneProduct","48.247101959117956","Entrez Gene","8321"
"169","","1.0","#000000","","ENSG00000106483","#ffffff","e0de2","19.99999999999999",,"ArialMT","10.0","FZD4","","","","3.5824487","false","Rectangle","FZD4","false","GeneProduct","48.24710195911797","Entrez Gene","6424"
"170","","1.0","#000000","","ENSG00000155760","#ffffff","b17c5","19.99999999999999",,"ArialMT","10.0","FZD7","","","",,"false","Rectangle","FZD7","false","GeneProduct","48.247101959117956","Entrez Gene","8324"
"171","","1.0","#000000","","ENSG00000111432","#ffffff","db594","19.99999999999999",,"ArialMT","10.0","FZD10","","","",,"false","Rectangle","FZD10","false","GeneProduct","48.247101959117956","Entrez Gene","11211"
"172","","1.0","#000000","","ENSG00000177283","#ffffff","ceaca","19.99999999999999",,"ArialMT","10.0","FZD8","","","","-4.0079074","false","Rectangle","FZD8","false","GeneProduct","48.247101959117956","Entrez Gene","8325"
"173","","1.0","#000000","","ENSG00000104290","#ffffff","edaf0","19.99999999999999",,"ArialMT","10.0","FZD3","","","","3.4805555","false","Rectangle","FZD3","false","GeneProduct","48.247101959117956","Entrez Gene","7976"
"174","","1.0","#000000","","ENSG00000114251","#ffffff","a8753","20.0",,"ArialMT","10.0","WNT5A","","","",,"false","Rectangle","WNT5A","false","GeneProduct","60.0","Entrez Gene","7474"
"175","","1.0","#000000","","ENSG00000111186","#ffffff","c878b","20.0",,"ArialMT","10.0","WNT5B","","","","-0.6795776","false","Rectangle","WNT5B","false","GeneProduct","60.0","Entrez Gene","81029"
"176","","1.0","#000000","","ENSG00000102312","#ffffff","cf09c","25.000000000000007",,"ArialMT","10.0","PORCN","","","","2.01525","false","Rectangle","PORCN","false","GeneProduct","63.64480188568781","Ensembl","ENSG00000102312"
"177","","1.0","#000000","","ENSG00000156076","#ffffff","e65bf","25.000000000000007",,"ArialMT","10.0","WIF1","","","",,"false","Rectangle","WIF1","false","GeneProduct","63.64480188568781","Ensembl","ENSG00000156076"
"178","","1.0","#000000","","ENSG00000147869","#ffffff","fb46b","25.000000000000007",,"ArialMT","10.0","CER1","","","",,"false","Rectangle","CER1","false","GeneProduct","63.64480188568781","Ensembl","ENSG00000147869"
"179","","1.0","#000000","","ENSG00000185269","#ffffff","fd0b0","25.000000000000007",,"ArialMT","10.0","NOTUM","","","","2.2721179","false","Rectangle","NOTUM","false","GeneProduct","63.64480188568781","Ensembl","ENSG00000185269"
"180","","1.0","#000000","","ENSG00000120057","#ffffff","f94bc","25.000000000000007",,"ArialMT","10.0","SFRP5","","","",,"false","Rectangle","SFRP5","false","GeneProduct","63.64480188568781","Ensembl","ENSG00000120057"
"181","","1.0","#000000","","ENSG00000106483","#ffffff","ed66e","25.000000000000007",,"ArialMT","10.0","SFRP4","","","",,"false","Rectangle","SFRP4","false","GeneProduct","63.64480188568781","Ensembl","ENSG00000106483"
"182","","1.0","#000000","","ENSG00000145423","#ffffff","a49be","25.000000000000007",,"ArialMT","10.0","SFRP2","","","",,"false","Rectangle","SFRP2","false","GeneProduct","63.64480188568781","Ensembl","ENSG00000145423"
"183","","1.0","#000000","","ENSG00000104332","#ffffff","b127e","25.000000000000007",,"ArialMT","10.0","SFRP1","","","","5.680127","false","Rectangle","SFRP1","false","GeneProduct","63.64480188568781","Ensembl","ENSG00000104332"
"184","","1.0","#000000","","ENSG00000168036","#ffffff","f0b3b","20.0",,"ArialMT","10.0","CTNNB1","","","","-0.74126506","false","Rectangle","CTNNB1","false","GeneProduct","60.0","Entrez Gene","1499"
"185","","1.0","#000000","","ENSG00000181274","#ffffff","d2661","20.0",,"ArialMT","10.0","FRAT2","","","","1.0651011","false","Rectangle","FRAT2","false","GeneProduct","60.0","Ensembl","ENSG00000181274"
"186","","1.0","#000000","","ENSG00000132386","#ffffff","b45bf","25.000000000000007",,"ArialMT","10.0","SERPINF1","","","",,"false","Rectangle","SERPINF1","false","GeneProduct","63.64480188568781","Ensembl","ENSG00000132386"
"187","","1.0","#000000","","ENSG00000167941","#ffffff","eb80c","25.000000000000007",,"ArialMT","10.0","SOST","","","",,"false","Rectangle","SOST","false","GeneProduct","45.75737865721444","Ensembl","ENSG00000167941"
"188","","1.0","#000000","","ENSG00000104371","#ffffff","b61c4","25.000000000000007",,"ArialMT","10.0","DKK4","","","",,"false","Rectangle","DKK4","false","GeneProduct","45.75737865721452","Ensembl","ENSG00000104371"
"189","","1.0","#000000","","ENSG00000155011","#ffffff","b4e57","25.000000000000007",,"ArialMT","10.0","DKK2","","","","4.3138404","false","Rectangle","DKK2","false","GeneProduct","45.75737865721452","Ensembl","ENSG00000155011"
"190","","1.0","#000000","","ENSG00000107984","#ffffff","d9ec1","25.0",,"ArialMT","10.0","DKK1","","","","5.3744864","false","Rectangle","DKK1","false","GeneProduct","45.757378657214474","Ensembl","ENSG00000107984"
"191","","1.0","#000000","","ENSG00000168036","#ffffff","fbd36","20.0",,"ArialMT","10.0","CTNNB1","","","","-0.74126506","false","Rectangle","CTNNB1","false","GeneProduct","60.0","Entrez Gene","1499"
"192","","1.0","#000000","","ENSG00000168036","#ffffff","acb73","20.0",,"ArialMT","10.0","CTNNB1","","","","-0.74126506","false","Rectangle","CTNNB1","false","GeneProduct","60.0","Entrez Gene","1499"
"193","","1.0","#000000","","ENSG00000169071","#ffffff","d073e","24.99999999999999",,"ArialMT","10.0","ROR2","","","",,"false","Rectangle","ROR2","false","GeneProduct","43.30608580983918","Entrez Gene","4920"
"194","","1.0","#000000","","ENSG00000180340","#ffffff","ff1","19.99999999999999",,"ArialMT","10.0","FZD2","","","","3.3943448","false","Rectangle","FZD2","false","GeneProduct","48.247101959117956","Entrez Gene","2535"
"195","","1.0","#000000","","ENSG00000002745","#ffffff","fe4","20.0",,"ArialMT","10.0","WNT16","","","",,"false","Rectangle","WNT16","false","GeneProduct","60.0","Entrez Gene","51384"
"196","","1.0","#000000","","ENSG00000081059","#ffffff","fd4","21.0",,"ArialMT","10.0","TCF7","","","","4.8099217","false","Rectangle","TCF7","false","GeneProduct","70.90395480226064","Ensembl","ENSG00000081059"
"197","","1.0","#000000","","ENSG00000135341","#ffffff","fc06e","20.0",,"ArialMT","10.0","MAP3K7","","","","1.1162212","false","Rectangle","MAP3K7","false","GeneProduct","60.0","Ensembl","ENSG00000135341"
"199","","1.0","#000000","","ENSG00000188763","#ffffff","f93","19.99999999999999",,"ArialMT","10.0","FZD9","","","",,"false","Rectangle","FZD9","false","GeneProduct","48.247101959117956","Entrez Gene","8326"
"200","","1.0","#000000","","ENSG00000118971","#ffffff","f2d","20.0",,"ArialMT","10.0","CCND2","","","","4.6034985","false","Rectangle","CCND2","false","GeneProduct","60.0","Entrez Gene","894"
"201","","1.0","#000000","","ENSG00000070770","#ffffff","f1985","20.0",,"ArialMT","10.0","CSNK2A2","","","","3.502946","false","Rectangle","CSNK2A2","false","GeneProduct","60.0","Ensembl","ENSG00000070770"
"202","","1.0","#000000","","ENSG00000136997","#ffffff","f11","20.0",,"ArialMT","10.0","MYC","","","","2.1383734","false","Rectangle","MYC","false","GeneProduct","60.0","Entrez Gene","4609"
"204","","1.0","#000000","","ENSG00000050748","#ffffff","e95","20.0",,"ArialMT","10.0","MAPK10","","","",,"false","Rectangle","MAPK10","false","GeneProduct","60.0","Ensembl","ENSG00000050748"
"206","","1.0","#000000","","ENSG00000175592","#ffffff","e7c","20.0",,"ArialMT","10.0","FOSL1","","","","-4.1604986","false","Rectangle","FOSL1","false","GeneProduct","60.0","Entrez Gene","8061"
"207","","1.0","#000000","","ENSG00000254598","#ffffff","e6b50","20.0",,"ArialMT","10.0","CSNK2A3","","","","1.4998916","false","Rectangle","CSNK2A3","false","GeneProduct","60.0","Ensembl","ENSG00000254598"
"208","","1.0","#000000","","ENSG00000180138","#ffffff","e55fa","20.0",,"ArialMT","10.0","CSNK1A1L","","","",,"false","Rectangle","CSNK1A1L","false","GeneProduct","60.0","Ensembl","ENSG00000180138"
"209","","1.0","#000000","","ENSG00000135925","#ffffff","e3f","20.0",,"ArialMT","10.0","WNT10A","","","",,"false","Rectangle","WNT10A","false","GeneProduct","60.0","Entrez Gene","80326"
"210","","1.0","#000000","","ENSG00000107758","#ffffff","e34dd","20.0",,"ArialMT","10.0","PPP3CB","","","","-1.1004297","false","Rectangle","PPP3CB","false","GeneProduct","60.0","Ensembl","ENSG00000107758"
"211","","1.0","#000000","","ENSG00000100888","#ffffff","e183b","20.0",,"ArialMT","10.0","CHD8","","","","1.2095643","false","Rectangle","CHD8","false","GeneProduct","60.0","Ensembl","ENSG00000100888"
"212","","1.0","#000000","","ENSG00000107404","#ffffff","e15","20.0",,"ArialMT","10.0","DVL1","","","","1.4376469","false","Rectangle","DVL1","false","GeneProduct","60.0","Entrez Gene","1855"
"213","","1.0","#000000","","ENSG00000188064","#ffffff","e07","20.0",,"ArialMT","10.0","WNT7B","","","",,"false","Rectangle","WNT7B","false","GeneProduct","60.0","Entrez Gene","7477"
"214","","1.0","#000000","","ENSG00000163251","#ffffff","dfc","19.99999999999999",,"ArialMT","10.0","FZD5","","","","2.9455595","false","Rectangle","FZD5","false","GeneProduct","48.247101959117956","Entrez Gene","7855"
"215","","1.0","#000000","","ENSG00000169884","#ffffff","dda","20.0",,"ArialMT","10.0","WNT10B","","","",,"false","Rectangle","WNT10B","false","GeneProduct","60.0","Entrez Gene","7480"
"216","","1.0","#000000","","ENSG00000103126","#ffffff","db1","20.0",,"ArialMT","10.0","AXIN1","","","","-3.1806858","false","Rectangle","AXIN1","false","GeneProduct","60.0","Entrez Gene","8312"
"217","","1.0","#000000","","ENSG00000101266","#ffffff","da75f","20.0",,"ArialMT","10.0","CSNK2A1","","","","0.7665164","false","Rectangle","CSNK2A1","false","GeneProduct","60.0","Ensembl","ENSG00000101266"
"218","","1.0","#000000","","ENSG00000108379","#ffffff","d98","20.0",,"ArialMT","10.0","WNT3","","","","-3.505175","false","Rectangle","WNT3","false","GeneProduct","60.0","Entrez Gene","7473"
"219","","1.0","#000000","","ENSG00000070808","#ffffff","d8cec","20.0",,"ArialMT","10.0","CAMK2A","","","",,"false","Rectangle","CAMK2A","false","GeneProduct","60.0","Ensembl","ENSG00000070808"
"220","","1.0","#000000","","ENSG00000162552","#ffffff","d7f","20.0",,"ArialMT","10.0","WNT4","","","","3.2497663","false","Rectangle","WNT4","false","GeneProduct","60.0","Entrez Gene","54361"
"221","","1.0","#000000","","ENSG00000163785","#ffffff","d7828","25.0",,"ArialMT","10.0","RYK","","","","-0.27835956","false","Rectangle","RYK","false","GeneProduct","38.19618216915691","Entrez Gene","6259"
"222","","1.0","#000000","","ENSG00000148660","#ffffff","d68c5","20.0",,"ArialMT","10.0","CAMK2G","","","","2.0771565","false","Rectangle","CAMK2G","false","GeneProduct","60.0","Ensembl","ENSG00000148660"
"223","","1.0","#000000","","ENSG00000164930","#ffffff","d64","19.99999999999999",,"ArialMT","10.0","FZD6","","","","-0.42408675","false","Rectangle","FZD6","false","GeneProduct","48.247101959117956","Entrez Gene","8323"
"224","","1.0","#000000","","ENSG00000002745","#ffffff","d63","20.0",,"ArialMT","10.0","WNT16","","","",,"false","Rectangle","WNT16","false","GeneProduct","60.0","Entrez Gene","51384"
"225","","1.0","#000000","","ENSG00000183762","#ffffff","d5f4d","25.0",,"ArialMT","10.0","KREM1","","","",,"false","Rectangle","KREM1","false","GeneProduct","45.88341158059477","Entrez Gene","83999"
"226","","1.0","#000000","","ENSG00000070018","#ffffff","d4ce7","27.28720931183374",,"ArialMT","10.0","LRP6","","","","1.4971374","false","Rectangle","LRP6","false","GeneProduct","45.757378657214474","Entrez Gene","4040"
"227","","1.0","#000000","","ENSG00000157240","#ffffff","d4b","19.99999999999999",,"ArialMT","10.0","FZD1","","","","-0.17520119","false","Rectangle","FZD1","false","GeneProduct","48.247101959117956","Entrez Gene","8321"
"228","","1.0","#000000","","ENSG00000185483","#ffffff","d3f05","25.0",,"ArialMT","10.0","ROR1","","","","1.6917218","false","Rectangle","ROR1","false","GeneProduct","43.3060858098392","Entrez Gene","4919"
"229","","1.0","#000000","","ENSG00000114251","#ffffff","d33","20.0",,"ArialMT","10.0","WNT5A","","","",,"false","Rectangle","WNT5A","false","GeneProduct","60.0","Entrez Gene","7474"
"230","","1.0","#000000","","ENSG00000112576","#ffffff","d07","20.0",,"ArialMT","10.0","CCND3","","","","-0.084997185","false","Rectangle","CCND3","false","GeneProduct","60.0","Entrez Gene","896"
"231","","1.0","#000000","","ENSG00000115596","#ffffff","d06","20.0",,"ArialMT","10.0","WNT6","","","",,"false","Rectangle","WNT6","false","GeneProduct","60.0","Entrez Gene","7475"
"232","","1.0","#000000","","ENSG00000004975","#ffffff","cfb","20.0",,"ArialMT","10.0","DVL2","","","","2.0489933","false","Rectangle","DVL2","false","GeneProduct","60.0","Entrez Gene","1856"
"233","","1.0","#000000","","ENSG00000058404","#ffffff","cf2a9","20.0",,"ArialMT","10.0","CAMK2B","","","",,"false","Rectangle","CAMK2B","false","GeneProduct","60.0","Ensembl","ENSG00000058404"
"234","","1.0","#000000","","ENSG00000126583","#ffffff","cef","20.0",,"ArialMT","10.0","PRKCG","","","",,"false","Rectangle","PRKCG","false","GeneProduct","60.0","Entrez Gene","5582"
"235","","1.0","#000000","","ENSG00000106483","#ffffff","cdf","19.99999999999999",,"ArialMT","10.0","FZD4","","","","3.5824487","false","Rectangle","FZD4","false","GeneProduct","48.24710195911797","Entrez Gene","6424"
"236","","1.0","#000000","","ENSG00000134245","#ffffff","cc6","20.0",,"ArialMT","10.0","WNT2B","","","","3.636999","false","Rectangle","WNT2B","false","GeneProduct","60.0","Entrez Gene","7482"
"237","","1.0","#000000","","ENSG00000113712","#ffffff","cc4c6","20.0",,"ArialMT","10.0","CSNK1A1","","","","2.1462379","false","Rectangle","CSNK1A1","false","GeneProduct","60.0","Ensembl","ENSG00000113712"
"238","","1.0","#000000","","ENSG00000105989","#ffffff","c7c","20.0",,"ArialMT","10.0","WNT2","","","",,"false","Rectangle","WNT2","false","GeneProduct","60.0","Entrez Gene","7472"
"239","","1.0","#000000","","ENSG00000168036","#ffffff","c75","20.0",,"ArialMT","10.0","CTNNB1","","","","-0.74126506","false","Rectangle","CTNNB1","false","GeneProduct","60.0","Entrez Gene","1499"
"240","","1.0","#000000","","ENSG00000138814","#ffffff","c72cf","20.0",,"ArialMT","10.0","PPP3CA","","","","3.112383","false","Rectangle","PPP3CA","false","GeneProduct","60.0","Ensembl","ENSG00000138814"
"241","","1.0","#000000","","ENSG00000111186","#ffffff","c6d","20.0",,"ArialMT","10.0","WNT5B","","","","-0.6795776","false","Rectangle","WNT5B","false","GeneProduct","60.0","Entrez Gene","81029"
"242","","1.0","#000000","","ENSG00000120910","#ffffff","c54ec","20.0",,"ArialMT","10.0","PPP3CC","","","","-1.5852787","false","Rectangle","PPP3CC","false","GeneProduct","60.0","Ensembl","ENSG00000120910"
"243","","1.0","#000000","","ENSG00000155760","#ffffff","c3d","19.99999999999999",,"ArialMT","10.0","FZD7","","","",,"false","Rectangle","FZD7","false","GeneProduct","48.247101959117956","Entrez Gene","8324"
"244","","1.0","#000000","","ENSG00000111432","#ffffff","c22","19.99999999999999",,"ArialMT","10.0","FZD10","","","",,"false","Rectangle","FZD10","false","GeneProduct","48.247101959117956","Entrez Gene","11211"
"245","","1.0","#000000","","ENSG00000162337","#ffffff","c13ca","27.287209311833756",,"ArialMT","10.0","LRP5","","","","-0.04492053","false","Rectangle","LRP5","false","GeneProduct","45.757378657214474","Entrez Gene","4041"
"246","","1.0","#000000","","ENSG00000177606","#ffffff","c0d","20.0",,"ArialMT","10.0","JUN","","","","3.4923127","false","Rectangle","JUN","false","GeneProduct","60.0","Entrez Gene","3725"
"247","","1.0","#000000","","ENSG00000154229","#ffffff","c04","20.0",,"ArialMT","10.0","PRKCA","","","","0.09211395","false","Rectangle","PRKCA","false","GeneProduct","60.0","Entrez Gene","5578"
"248","","1.0","#000000","","ENSG00000125084","#ffffff","be6","20.0",,"ArialMT","10.0","WNT1","","","",,"false","Rectangle","WNT1","false","GeneProduct","60.0","Entrez Gene","7471"
"249","","1.0","#000000","","ENSG00000085741","#ffffff","b9f","20.0",,"ArialMT","10.0","WNT11","","","",,"false","Rectangle","WNT11","false","GeneProduct","60.0","Entrez Gene","7481"
"250","","1.0","#000000","","ENSG00000148737","#ffffff","b933c","20.0",,"ArialMT","10.0","TCF7L2","","","","0.12938657","false","Rectangle","TCF7L2","false","GeneProduct","60.0","Ensembl","ENSG00000148737"
"251","","1.0","#000000","","ENSG00000154764","#ffffff","b8f","20.0",,"ArialMT","10.0","WNT7A","","","",,"false","Rectangle","WNT7A","false","GeneProduct","60.0","Entrez Gene","7476"
"252","","1.0","#000000","","ENSG00000152284","#ffffff","b5c92","20.0",,"ArialMT","10.0","TCF7L1","","","","4.0440755","false","Rectangle","TCF7L1","false","GeneProduct","60.0","Ensembl","ENSG00000152284"
"253","","1.0","#000000","","ENSG00000177283","#ffffff","b4d","19.99999999999999",,"ArialMT","10.0","FZD8","","","","-4.0079074","false","Rectangle","FZD8","false","GeneProduct","48.247101959117956","Entrez Gene","8325"
"254","","1.0","#000000","","ENSG00000110092","#ffffff","b43","20.0",,"ArialMT","10.0","CCND1","","","","-4.698193","false","Rectangle","CCND1","false","GeneProduct","60.0","Entrez Gene","595"
"255","","1.0","#000000","","ENSG00000213923","#ffffff","b37","20.0",,"ArialMT","10.0","CSNK1E","","","","0.96768105","false","Rectangle","CSNK1E","false","GeneProduct","60.0","Entrez Gene","1454"
"256","","1.0","#000000","","ENSG00000138795","#ffffff","b013d","20.0",,"ArialMT","10.0","LEF1","","","",,"false","Rectangle","LEF1","false","GeneProduct","60.0","Ensembl","ENSG00000138795"
"257","","1.0","#000000","","ENSG00000050748","#ffffff","afc","20.0",,"ArialMT","10.0","MAPK9","","","","0.57351726","false","Rectangle","MAPK9","false","GeneProduct","60.0","Entrez Gene","5601"
"258","","1.0","#000000","","ENSG00000104290","#ffffff","af4","19.99999999999999",,"ArialMT","10.0","FZD3","","","","3.4805555","false","Rectangle","FZD3","false","GeneProduct","48.247101959117956","Entrez Gene","7976"
"259","","1.0","#000000","","ENSG00000188386","#ffffff","ac963","20.0",,"ArialMT","10.0","PPP3R2","","","",,"false","Rectangle","PPP3R2","false","GeneProduct","60.0","Ensembl","ENSG00000188386"
"260","","1.0","#000000","","ENSG00000221823","#ffffff","ab6f6","20.0",,"ArialMT","10.0","PPP3R1","","","","-0.46692696","false","Rectangle","PPP3R1","false","GeneProduct","60.0","Ensembl","ENSG00000221823"
"261","","1.0","#000000","","ENSG00000154342","#ffffff","aa0","20.0",,"ArialMT","10.0","WNT3A","","","",,"false","Rectangle","WNT3A","false","GeneProduct","60.0","Entrez Gene","89780"
"262","","1.0","#000000","","ENSG00000134982","#ffffff","a97","20.0",,"ArialMT","10.0","APC","","","","0.72314113","false","Rectangle","APC","false","GeneProduct","60.0","Entrez Gene","324"
"263","","1.0","#000000","","ENSG00000204435","#ffffff","a8cad","20.0",,"ArialMT","10.0","CSNK2B","","","","0.9176092","false","Rectangle","CSNK2B","false","GeneProduct","60.0","Ensembl","ENSG00000204435"
"264","","1.0","#000000","","ENSG00000082701","#ffffff","a7e","20.0",,"ArialMT","10.0","GSK3B","","","","1.6905009","false","Rectangle","GSK3B","false","GeneProduct","60.0","Entrez Gene","2932"
"265","","1.0","#000000","","ENSG00000165879","#ffffff","a58","20.0",,"ArialMT","10.0","FRAT1","","","","2.8819728","false","Rectangle","FRAT1","false","GeneProduct","60.0","Entrez Gene","10023"
"266","","1.0","#000000","","ENSG00000145349","#ffffff","a2529","20.0",,"ArialMT","10.0","CAMK2D","","","","-0.020124983","false","Rectangle","CAMK2D","false","GeneProduct","60.0","Ensembl","ENSG00000145349"
"267","","1.0","#000000","","ENSG00000166501","#ffffff","a24","20.0",,"ArialMT","10.0","PRKCB","","","",,"false","Rectangle","PRKCB","false","GeneProduct","60.0","Ensembl","ENSG00000166501"
"268","","1.0","#000000","","ENSG00000122861","#ffffff","a19","20.0",,"ArialMT","10.0","PLAU","","","","0.13894682","false","Rectangle","PLAU","false","GeneProduct","60.0","Entrez Gene","5328"
"269","","1.0","#000000","","ENSG00000136238","#ffffff","a14","20.0",,"ArialMT","10.0","RAC1","","","","-1.9031769","false","Rectangle","RAC1","false","GeneProduct","60.0","Entrez Gene","5879"
"270","","1.0","#000000","","ENSG00000067560","#ffffff","a0a","20.0",,"ArialMT","10.0","RHOA","","","","0.30069736","false","Rectangle","RHOA","false","GeneProduct","60.0","Entrez Gene","387"
"271","","1.0","#000000","","ENSG00000161202","#ffffff","a09","20.0",,"ArialMT","10.0","DVL3","","","","0.5208819","false","Rectangle","DVL3","false","GeneProduct","60.0","Entrez Gene","1857"
